Name of College,Email
National Park Community College,admissions@np.edu 
University of Alaska Fairbanks,admissions@uaf.edu 
University of Arkansas – Fort Smith,admissions@uafs.edu 
Alabama A&M University,admissions@aamu.edu 
Athens State University,admissions@athens.edu 
Auburn University,admissions@auburn.edu 
Auburn University at Montgomery,admissions@aum.edu 
Birmingham-Southern College,admissions@bsc.edu 
Calhoun Community College,admissions@calhoun.edu 
Enterprise State Community College,admissions@escc.edu 
Faulkner State Community College,admissions@faulknerstate.edu 
Gadsden State  Community College,admissions@gadsdenstate.edu 
Huntingdon College,admissions@huntingdon.edu 
Jacksonville State University,admissions@jsu.edu 
Lurleen B. Wallace Community College,admissions@lbwcc.edu 
University of Montevallo,admissions@montevallo.edu 
Northeast Alabama Community College,admissions@nacc.edu 
Northwest-Shoals Community College,admissions@nwscc.edu 
Oakwood University,admissions@oakwood.edu 
Samford University,admissions@samford.edu 
Southeastern Bible College,admissions@sebc.edu 
University of South Alabama,admissions@southalabama.edu 
Trenholm State Technical College,admissions@trenholmstate.edu 
Troy University,admissions@troy.edu 
Tuskegee University,admissions@tuskegee.edu 
University of Alabama,admissions@ua.edu 
University of Alabama at Birmingham,admissions@uab.edu 
University of Alabama in Huntsville,admissions@uah.edu 
University of North Alabama,admissions@una.edu 
Snead State Community College,admissions@snead.edu 
Arkansas Northeastern College,admissions@anc.edu 
Arkansas State University,admissions@astate.edu 
Arkansas Tech University,admissions@atu.edu 
Central Baptist College,admissions@cbc.edu 
Harding University,admissions@harding.edu 
Hendrix College,admissions@hendrix.edu 
Henderson State University,admissions@hsu.edu 
John Brown University,admissions@jbu.edu 
Lyon College,admissions@lyon.edu 
Mid-South Community College,admissions@midsouthcc.edu 
North Arkansas College,admissions@northark.edu 
Northwest Arkansas Community College,admissions@nwacc.edu 
Northwest Technical Institute,admissions@nwti.edu 
Ouachita Baptist University,admissions@obu.edu 
University of the Ozarks,admissions@ozarks.edu 
Phillips Community College U of A,admissions@pccua.edu 
Pulaski Technical College,admissions@pulaskitech.edu 
Southern Arkansas University Magnolia,admissions@saumag.edu 
Southeast Arkansas College,admissions@seark.edu 
University of Arkansas Community College Batesville,admissions@uaccb.edu 
University of Arkansas at Little Rock,admissions@ualr.edu 
University of Arkansas for Medical Sciences,admissions@uams.edu 
University of Arkansas at Pine Bluff,admissions@uapb.edu 
University of Arkansas,admissions@uark.edu 
University of Central Arkansas,admissions@uca.edu 
Williams Baptist College,admissions@wbcoll.edu 
University of Arizona,admissions@arizona.edu 
Arizona Western College,admissions@azwestern.edu 
Bryan University,admissions@bryanuniversity.edu 
Central Arizona College,admissions@centralaz.edu 
Glendale Community College,admissions@gccaz.edu 
Grand Canyon University,admissions@gcu.edu 
Maricopa Community Colleges,admissions@maricopa.edu 
Mesa Community College,admissions@mesacc.edu 
Northern Arizona University,admissions@nau.edu 
Northland Pioneer  College,admissions@npc.edu 
University of Phoenix,admissions@phoenix.edu 
Phoenix College,admissions@phoenixcollege.edu 
Pima Community College,admissions@pima.edu 
Prescott College,admissions@prescott.edu 
Rio Salado College,admissions@riosalado.edu 
South Mountain Community College,admissions@southmountaincc.edu 
University of Advancing Technology,admissions@uat.edu 
Yavapai College,admissions@yc.edu 
Academy of Arts University,admissions@academyart.edu 
Adance Computing Institute,admissions@advancedcomputinginstitute.edu 
Acupuncture & Integrative Medicine College,admissions@aimc.edu 
Alliant International University,admissions@alliant.edu 
Allied American University,admissions@allied.edu 
Anaheim University,admissions@anaheim.edu 
Angeles College,admissions@angelescollege.edu 
Antioch University Los Angeles,admissions@antiochla.edu 
Argosy University,admissions@argosy.edu 
Art Center College of Design,admissions@artcenter.edu 
The Art Institute,admissions@artinstitutes.edu 
Ashford University,admissions@ashford.edu 
ATI College,admissions@ati.edu 
Antelope Valley College,admissions@avc.edu 
Bakersfield College,admissions@bakersfieldcollege.edu 
Barstow Community College,admissions@barstow.edu 
Berkeley University of California,admissions@berkeley.edu 
Berkeley City College,admissions@berkeleycitycollege.edu 
Brandman University,admissions@brandman.edu 
Butte College,admissions@butte.edu 
Cabrillo College,admissions@cabrillo.edu 
California Institute of the Arts,admissions@calarts.edu 
California Baptist University,admissions@calbaptist.edu 
California Lutheran University,admissions@callutheran.edu 
California Miramar University,admissions@calmu.edu 
California Polytechnic State University,admissions@calpoly.edu 
California State University,admissions@calstate.edu 
California Institute of Technology,admissions@caltech.edu 
Canada College,admissions@canadacollege.edu 
College of the Canyons,admissions@canyons.edu 
California College of the Arts,admissions@cca.edu 
California Community Colleges Chanellor’s Office,admissions@cccco.edu 
City College of San Francisco,admissions@ccsf.edu 
Cerritos College,admissions@cerritos.edu 
Cerro Coso Community College,admissions@cerrocoso.edu 
Claremont Graduate University,admissions@cgu.edu 
Chaffey College,admissions@chaffey.edu 
Chapman University,admissions@chapman.edu 
California Institute of Integral Studies,admissions@ciis.edu 
Citrus College,admissions@citruscollege.edu 
The Claremont Colleges,admissions@claremont.edu 
Claremont McKenna College,admissions@cmc.edu 
Copper Mountain College,admissions@cmccd.edu 
Cogswell Polytechnical College,admissions@cogswell.edu 
College of San Mateo,admissions@collegeofsanmateo.edu 
College of the Desert,admissions@collegeofthedesert.edu 
El Camino College Compton Center,admissions@compton.edu 
Contra Costa College,admissions@contracosta.edu 
College of the Sequoias,admissions@cos.edu 
Crafton Hills College,admissions@craftonhills.edu 
California State University Bakersfield,admissions@csub.edu 
California State University Channel Islands,admissions@csuci.edu 
California State University Dominguez Hills,admissions@csudh.edu 
California State University East Bay,admissions@csueastbay.edu 
Fresno State,admissions@fresnostate.edu 
California State University Long Beach,admissions@csulb.edu 
California State University Monterey Bay,admissions@csumb.edu 
California State University Northridge,admissions@csun.edu 
California State Polytechnic University Pomona,admissions@csupomona.edu 
California State University Sacramento,admissions@csus.edu 
California State University San Bernardino,admissions@csusb.edu 
California State University San Marcos,admissions@csusm.edu 
California State University Stanislaus,admissions@csustan.edu 
Cuesta College,admissions@cuesta.edu 
Cuyamaca College,admissions@cuyamaca.edu 
California Western School of Law San Diego,admissions@cwsl.edu 
Cypress College,admissions@cypresscollege.edu 
DeAnza College,admissions@deanza.edu 
San Joaquin Delta College,admissions@deltacollege.edu 
Dominican University of California,admissions@dominican.edu 
Dominican School of Philosophy and Theology,admissions@dspt.edu 
Diablo Valley College,admissions@dvc.edu 
East Los Angeles College,admissions@elac.edu 
El Camino College,admissions@elcamino.edu 
Ex’pression College,admissions@expression.edu 
Foothill-De Anza Community College District,admissions@fhda.edu 
Fashion Institute of Design & Merchandising,admissions@fidm.edu 
Fielding Graduate University,admissions@fielding.edu 
Foothill College,admissions@foothill.edu 
Fresno Pacific University,admissions@fresno.edu 
Fresno City College,admissions@fresnocitycollege.edu 
Frederick Taylor University,admissions@ftu.edu 
Fullerton  College,admissions@fullcoll.edu 
Fuller Theological Seminary,admissions@fuller.edu 
California State University Fullerton,admissions@fullerton.edu 
Gavilan College,admissions@gavilan.edu 
Golden Gate Baptist Theological Seminary,admissions@ggbts.edu 
Glendale Community College,admissions@glendale.edu 
Gnomon School of Visual Effects,admissions@gnomon.edu 
Columbia College,admissions@gocolumbia.edu 
Golden West College,admissions@goldenwestcollege.edu 
Grossmont College,admissions@grossmont.edu 
Allan Hancock College,admissions@hancockcollege.edu 
Hartnell College,admissions@hartnell.edu 
Henley-Putnam University,admissions@henley-putnam.edu 
Harvey Mudd College,admissions@hmc.edu 
Holy Names University,admissions@hnu.edu 
Humboldt State University,admissions@humboldt.edu 
Humphreys College,admissions@humphreys.edu 
Imperial Valley College,admissions@imperial.edu 
International Sports Sciences Association,admissions@issaonline.edu 
International Technological University,admissions@itu.edu 
Irvine Valley College,admissions@ivc.edu 
William Jessup University,admissions@jessup.edu 
John F. Kennedy University,admissions@jfku.edu 
Keck Graduate Institute,admissions@kgi.edu 
Mount Saint Mary’s College,admissions@la.edu 
Los Angeles Community College District,admissions@laccd.edu 
Los Angeles City College,admissions@lacitycollege.edu 
Los Angeles Harbor College,admissions@lahc.edu 
Los Angeles Mission College,admissions@lamission.edu 
Laney  College,admissions@laney.edu 
Los Angeles Southwest College,admissions@lasc.edu 
La Sierra University,admissions@lasierra.edu 
Las Positas College,admissions@laspositascollege.edu 
Los Angeles Trade-Tech Community College,admissions@lattc.edu 
Laurus College,admissions@lauruscollege.edu 
Los Angeles Valley College,admissions@lavc.edu 
University of La Verne,admissions@laverne.edu 
UCLA School of Law,admissions@ucla.edu 
Long Beach City College,admissions@lbcc.edu 
Life Chiropractic College West,admissions@lifewest.edu 
Loma Linda University,admissions@llu.edu 
Loyola Marymount University,admissions@lmu.edu 
Los Medanos College,admissions@losmedanos.edu 
Los Rios Community College District,admissions@losrios.edu 
Lake Tahoe Community College,admissions@ltcc.edu 
College of Marin,admissions@marin.edu 
Marymount California University,admissions@marymountcalifornia.edu 
The Master’s College,admissions@masters.edu 
Merced Community College,admissions@mccd.edu 
Mills College,admissions@mills.edu 
MiraCosta College,admissions@miracosta.edu 
Modesto Junior College,admissions@mjc.edu 
Mount San Jacinto College,admissions@msjc.edu 
Mount San Antonio College,admissions@mtsac.edu 
Napa Valley College,admissions@napavalley.edu 
Notre Dame de Namur University,admissions@ndnu.edu 
NewSchool of Architecture and Design,admissions@newschoolarch.edu 
Norco College,admissions@norcocollege.edu 
Naval Postgraduate School,admissions@nps.edu 
Ohlone College,admissions@ohlone.edu 
Orange Coast College,admissions@orangecoastcollege.edu 
Otis College of Art and Design,admissions@otis.edu 
Occidental College,admissions@oxy.edu 
University of the Pacific,admissions@pacific.edu 
Pacific College of Oriental Medicine,admissions@pacificcollege.edu 
Palomar College,admissions@palomar.edu 
Pasadena City College,admissions@pasadena.edu 
Pepperdine University,admissions@pepperdine.edu 
Peralta Community College District,admissions@peralta.edu 
Pierce College,admissions@piercecollege.edu 
Pitzer College,admissions@pitzer.edu 
Pacific Lutheran  Theological Seminary,admissions@plts.edu 
Point Loma Nazarene University,admissions@pointloma.edu 
Pomona College,admissions@pomona.edu 
Porterville College,admissions@portervillecollege.edu 
Pacific School of Religion,admissions@psr.edu 
Riverside City College,admissions@rcc.edu 
Riverside Community College District,admissions@rccd.edu 
University of Redlands,admissions@redlands.edu 
College of the Redwoods,admissions@redwoods.edu 
Rio Hondo College,admissions@riohondo.edu 
Rosemead College,admissions@rosemeadcollege.edu 
Santa Ana College,admissions@sac.edu 
Saddleback College,admissions@saddleback.edu 
University of San Diego,admissions@sandiego.edu 
Santa Rosa Junior College,admissions@santarosa.edu 
Santa Barbara City College,admissions@sbcc.edu 
School of Continuing Education,admissions@sce.edu 
Scripps College,admissions@scrippscollege.edu 
Santa Clara University,admissions@scu.edu 
Southern California University of Health Sciences,admissions@scuhs.edu 
San Diego City College,admissions@sdcity.edu 
San Diego Mesa College,admissions@sdmesa.edu 
San Diego State University,admissions@sdsu.edu 
San Francisco State University,admissions@sfsu.edu 
Shasta College,admissions@shastacollege.edu 
The Institute of Buddhist Studies,admissions@shin-ibs.edu 
Sierra College,admissions@sierracollege.edu 
Simpson University,admissions@simpsonu.edu 
College of the Siskiyous,admissions@siskiyous.edu 
San Jose State University,admissions@sjsu.edu 
Starr King School for the Ministry,admissions@sksm.edu 
Skyline College,admissions@skylinecollege.edu 
Santa Monica College,admissions@smc.edu 
San Mateo County Community College,admissions@smccd.edu 
Soka University of America,admissions@soka.edu 
Solano Community College,admissions@solano.edu 
Sonoma State University,admissions@sonoma.edu 
Stanford University,admissions@stanford.edu 
Saint Mary’s College,admissions@stmarys-ca.edu 
Taft College,admissions@taftcollege.edu 
Touro University California,admissions@tu.edu 
University of California Davis,admissions@ucdavis.edu 
University of California Hastings College of the Law,admissions@uchastings.edu 
University of California Irvine,admissions@uci.edu 
University of California Los Angeles,admissions@ucla.edu 
University of California Los Angeles Extension,admissions@uclaextension.edu 
University of California Merced,admissions@ucmerced.edu 
University of California,admissions@ucop.edu 
University of California Press,admissions@ucpress.edu 
University of California Riverside,admissions@ucr.edu 
University of California Santa Barbara,admissions@ucsb.edu 
University of California Santa Cruz,admissions@ucsc.edu 
University of California Santa Cruz Silicon Valley Extension,admissions@ucsc-extension.edu 
University of California San Diego,admissions@ucsd.edu 
University of California San Francisco,admissions@ucsf.edu 
University of California,admissions@universityofcalifornia.edu 
University of the Pacific,admissions@uop.edu 
University of Southern California,admissions@usc.edu 
University of San Francisco,admissions@usfca.edu 
San Bernardino Valley College,admissions@valleycollege.edu 
Ventura College,admissions@venturacollege.edu 
Victor Valley College,admissions@vvc.edu 
West Coast Baptist College,admissions@wcbc.edu 
Western University of Health Sciences,admissions@westernu.edu 
Westmont College,admissions@westmont.edu 
West Valley College,admissions@westvalley.edu 
West Hills Community College District,admissions@whccd.edu 
Whittier College,admissions@whittier.edu 
West Los Angeles College,admissions@wlac.edu 
Yuba Community College District,admissions@yccd.edu 
Yosemite Community College District,admissions@yosemite.edu 
Unitek College,admissions@unitekcollege.edu 
Vanguard University,admissions@vanguard.edu 
Southwestern College,admissions@swcc.edu 
Monterey Institute of International Studies,admissions@miis.edu 
Adams State University,admissions@adams.edu 
Auraria Higher Education Center,admissions@ahec.edu 
Aims Community College,admissions@aims.edu 
Arapahoe Community College,admissions@arapahoe.edu 
Community College of Aurora,admissions@ccaurora.edu 
Community College of Denver,admissions@ccd.edu 
Colorado Heights University,admissions@chu.edu 
University of Colorado Boulder,admissions@colorado.edu 
Colorado College,admissions@coloradocollege.edu 
Colorado Mesa University,admissions@coloradomesa.edu 
Colorado State University,admissions@colostate.edu 
Colorado State University-Pueblo,admissions@colostate-pueblo.edu 
University of Denver,admissions@du.edu 
Fort Lewis College,admissions@fortlewis.edu 
Front Range Community College,admissions@frontrange.edu 
Jones International University,admissions@jiu.edu 
Colorado School of Mines,admissions@mines.edu 
Metropolitan State University of Denver,admissions@msudenver.edu 
Naropa University,admissions@naropa.edu 
Pikes Peak Community College,admissions@ppcc.edu 
Pueblo Community College,admissions@pueblocc.edu 
Redstone College,admissions@redstone.edu 
Regis University,admissions@regis.edu 
University of the Rockies,admissions@rockies.edu 
Red Rocks Community College,admissions@rrcc.edu 
William Howard Taft University,admissions@taft.edu 
University Corporation for Atmospheric Research,admissions@ucar.edu 
University of Colorado Colorado Springs,admissions@uccs.edu 
University of Colorado Denver,admissions@ucdenver.edu 
University of Northern Colorado,admissions@unco.edu 
University of Colorado,admissions@cu.edu 
Western State Colorado University,admissions@western.edu 
Albertus Magnus College,admissions@albertus.edu 
Asnuntuck Community College,admissions@asnuntuck.edu 
Connecticut College,admissions@conncoll.edu 
Eastern Connecticut State University,admissions@easternct.edu 
Fairfield University,admissions@fairfield.edu 
Goodwin College,admissions@goodwin.edu 
University of Hartford,admissions@hartford.edu 
Hartford Seminary,admissions@hartsem.edu 
University of New Haven,admissions@newhaven.edu 
Queens University of Charlotte,admissions@quinnipiac.edu 
Quinebaug Valley Community College,admissions@qvcc.edu 
Sacred Heart University,admissions@sacredheart.edu 
Southern Connecticut State University,admissions@southernct.edu 
Three Rivers Community College,admissions@threerivers.edu 
Trinity College,admissions@trincoll.edu 
Tunxis Community College,admissions@tunxis.edu 
University of Connecticut Health Center,admissions@uchc.edu 
University of Connecticut,admissions@uconn.edu 
University of Saint Joseph Connecticut,admissions@usj.edu 
Western Connecticut State University,admissions@wcsu.edu 
Wesleyan University,admissions@wesleyan.edu 
Yale University,admissions@yale.edu 
American University,admissions@american.edu 
Carnegie Institution for Science,admissions@carnegiescience.edu 
The Catholic University of America,admissions@cua.edu 
Gallaudet University,admissions@gallaudet.edu 
Georgetown University,admissions@georgetown.edu 
The George Washington University,admissions@gwu.edu 
Howard University,admissions@howard.edu 
Johns Hopkins School of Advanced International Studies,admissions@sais-jhu.edu 
University of California Washington Center,admissions@ucdc.edu 
University of the District of Columbia,admissions@udc.edu 
Delaware State University,admissions@desu.edu 
Delaware Technical Community College,admissions@dtcc.edu 
Goldey-Beacom College,admissions@gbc.edu 
University of Delaware,admissions@udel.edu 
Wesley College,admissions@wesley.edu 
Wilmington University,admissions@wilmu.edu 
Carlos Albizu University,admissions@albizu.edu 
Acupuncture Massage College,admissions@amcollege.edu 
Atlantic Institute of Oriental Medicine,admissions@atom.edu 
Barry University,admissions@barry.edu 
Broward College,admissions@broward.edu 
College of Central Florida,admissions@cf.edu 
Chipola College,admissions@chipola.edu 
Bethune-Cookman University,admissions@cookman.edu 
Dade Medical College,admissions@dadmedical.edu 
Daytona State College,admissions@daytonastate.edu 
Eckerd College,admissions@eckerd.edu 
Edison State College,admissions@edison.edu 
Embry-Riddle Aeronautical University,admissions@erau.edu 
Everglades University,admissions@evergladesuniversity.edu 
Florida Atlantic University,admissions@fau.edu 
Florida Gulf Coast University,admissions@fgcu.edu 
Florida Institute of Technology,admissions@fit.edu 
Florida International University,admissions@fiu.edu 
Flagler College,admissions@flagler.edu 
Florida Southern College,admissions@flsouthern.edu 
Florida National University,admissions@fnu.edu 
Florida State College at Jacksonville,admissions@fscj.edu 
Florida State University,admissions@fsu.edu 
Gulf Coast State College,admissions@gulfcoast.edu 
Hillsborough Community College,admissions@hccfl.edu 
Jacksonville University,admissions@ju.edu 
Keiser University,admissions@keiseruniversity.edu 
Loraines Academy Incorporated,admissions@lorainesacademy.edu 
Lake Sumter State College,admissions@lssc.edu 
Lynn University,admissions@lynn.edu 
Millennia Atlantic University,admissions@maufl.edu 
Miami Dade College,admissions@mdc.edu 
University of Miami,admissions@miami.edu 
Miami International University of Art and Design,admissions@mymiu.edu 
New College of Florida,admissions@ncf.edu 
North Florida Community College,admissions@nfcc.edu 
Nova Southeastern University,admissions@nova.edu 
National University of Health Sciences,admissions@nuhs.edu 
Northwest Florida State College,admissions@nwfsc.edu 
Palm Beach State College,admissions@palmbeachstate.edu 
Palm Beach Atlantic University,admissions@pba.edu 
Pensacola State College,admissions@pensacolastate.edu 
Pasco-Hernando State College,admissions@phsc.edu 
Ringling College of Art and Design,admissions@ringling.edu 
Rollins College,admissions@rollins.edu 
Saint Leo University,admissions@saintleo.edu 
State College of Florida,admissions@scf.edu 
Seminole State College of Florida,admissions@seminolestate.edu 
Santa Fe College,admissions@sfcollege.edu 
South Florida State College,admissions@southflorida.edu 
Space Coast Health Institute,admissions@spacecoast.edu 
Saint Petersburg College,admissions@spcollege.edu 
Stetson University,admissions@stetson.edu 
Saint Thomas University,admissions@stu.edu 
Saint Vincent de Paul Regional Seminary,admissions@svdp.edu 
Traviss Career Center,admissions@traviss.edu 
University of Central Florida,admissions@ucf.edu 
University of Florida,admissions@ufl.edu 
University of North Florida,admissions@unf.edu 
University of South Florida,admissions@usf.edu 
University of South Florida Sarasota-Manatee,admissions@usfsm.edu 
University of South Florida Saint Petersburg,admissions@usfsp.edu 
University of Tampa,admissions@ut.edu 
University of West Florida,admissions@uwf.edu 
Valencia College,admissions@valenciacollege.edu 
Warner University,admissions@warner.edu 
Webber International University,admissions@webber.edu 
Agnes Scott College,admissions@agnesscott.edu 
Albany Technical College,admissions@albanytech.edu 
Armstrong Atlantic State University,admissions@armstrong.edu 
Atlanta Technical College,admissions@atlantatech.edu 
Atlanta Metropolitan State College,admissions@atlm.edu 
Berry College,admissions@berry.edu 
Carver College,admissions@carver.edu 
Child Care Education Institute,admissions@cceionline.edu 
Central Georgia Technical College,admissions@centralgatech.edu 
Clayton State University,admissions@clayton.edu 
Columbus State University,admissions@columbusstate.edu 
Columbus Technical College,admissions@columbustech.edu 
Covenant College,admissions@covenant.edu 
Dalton State,admissions@daltonstate.edu 
Darton State College,admissions@darton.edu 
East Georgia State College,admissions@ega.edu 
Emory University,admissions@emory.edu 
Georgia Institute of Technology,admissions@gatech.edu 
Georgia College,admissions@gcsu.edu 
Georgia Southern University,admissions@georgiasouthern.edu 
Georgia Gwinnett College,admissions@ggc.edu 
Georgia Perimeter College,admissions@gpc.edu 
Georgia Regents University Augusta,admissions@gru.edu 
Georgia State University,admissions@gsu.edu 
Georgia South Western State University,admissions@gsw.edu 
Interactive College of Technology,admissions@ict.edu 
Atlanta’s John Marshall Law School,admissions@johnmarshall.edu 
Kennesaw State University,admissions@kennesaw.edu 
Lanier Technical College,admissions@laniertech.edu 
Life University,admissions@life.edu 
Mercer University,admissions@mercer.edu 
Middle Georgia State College,admissions@mga.edu 
Morehouse College,admissions@morehouse.edu 
Morehouse School of Medicine,admissions@msm.edu 
North Georgia Technical College,admissions@northgatech.edu 
Oglethorpe University,admissions@oglethorpe.edu 
Okefenokee Technical College,admissions@okefenokeetech.edu 
Paine College,admissions@paine.edu 
Pfeiffer University,admissions@pfeiffer.edu 
Piedmont College,admissions@piedmont.edu 
Reinhardt University,admissions@reinhardt.edu 
Savannah State University,admissions@savannahstate.edu 
Savannah College of Art and Design,admissions@scad.edu 
Shorter University,admissions@shorter.edu 
Southeastern Technical College,admissions@southeasterntech.edu 
Spelman College,admissions@spelman.edu 
Southern Polytechnic State University,admissions@spsu.edu 
Thomas University,admissions@thomasu.edu 
University of Georgia,admissions@uga.edu 
University of North Georgia,admissions@ung.edu 
University System of Georgia,admissions@usg.edu 
Valdosta State University,admissions@valdosta.edu 
University of West Georgia,admissions@westga.edu 
Wiregrass Georgia Technical College,admissions@wiregrass.edu 
Brigham Young University Hawaii,admissions@byuh.edu 
Chaminade University,admissions@chaminade.edu 
University of Hawaii at Manoa,admissions@hawaii.edu 
Mid-Pacific Institute,admissions@midpac.edu 
AIB College of Business,admissions@aib.edu 
Central College,admissions@central.edu 
Coe College,admissions@coe.edu 
Cornell College,admissions@cornellcollege.edu 
Des Moines Area Community College,admissions@dmacc.edu 
Dordt College,admissions@dordt.edu 
Drake University,admissions@drake.edu 
Divine Word College,admissions@dwci.edu 
Eastern Iowa Community Colleges,admissions@eicc.edu 
Grinnell College,admissions@grinnell.edu 
Hawkeye Community College,admissions@hawkeyecollege.edu 
Iowa State University,admissions@iastate.edu 
Iowa Central Community College,admissions@iowacentral.edu 
Iowa Wesleyan College,admissions@iwc.edu 
Iowa Western Community College,admissions@iwcc.edu 
Kaplan University,admissions@kaplanuniversity.edu 
Kirkwood Community College,admissions@kirkwood.edu 
La’ James College,admissions@lajames.edu 
Loras College,admissions@loras.edu 
Luther College,admissions@luther.edu 
Maharishi University of Management,admissions@mum.edu 
Northeast Iowa Community  College,admissions@nicc.edu 
Palmer College of Chiropractic,admissions@palmer.edu 
Saint Ambrose University,admissions@sau.edu 
Simpson College,admissions@simpson.edu 
Southwestern Community College,admissions@swcciowa.edu 
Univeristy of Iowa,admissions@uiowa.edu 
Upper Iowa University,admissions@uiu.edu 
University of Northern Iowa,admissions@uni.edu 
Wartburg College,admissions@wartburg.edu 
Waldorf College,admissions@waldorf.edu 
Boise State University,admissions@boisestate.edu 
Brigham Young University Idaho,admissions@byui.edu 
The College of Idaho,admissions@collegeofidaho.edu 
College of Southern Idaho,admissions@csi.edu 
Idaho State University,admissions@isu.edu 
University of Idaho,admissions@uidaho.edu 
Augustana College,admissions@augustana.edu 
Aurora University,admissions@aurora.edu 
Benedictine University,admissions@ben.edu 
Bradley University,admissions@bradley.edu 
City Colleges of Chicago,admissions@ccc.edu 
The University of Chicago Booth School of Business,admissions@chicagobooth.edu 
College of Lake County,admissions@clcillinois.edu 
College of DuPage,admissions@cod.edu 
Columbia College Chicago,admissions@colum.edu 
Danville Area Community College,admissions@dacc.edu 
DePaul University,admissions@depaul.edu 
Dominican University,admissions@dom.edu 
Eastern Illinois University,admissions@eiu.edu 
Elmhurst College,admissions@elmhurst.edu 
Governors State,admissions@govst.edu 
Greenville College,admissions@greenville.edu 
The Hadley School for the Blind,admissions@hadley.edu 
Harper College,admissions@harpercollege.edu 
Heartland Community College,admissions@heartland.edu 
Illinois Central College,admissions@icc.edu 
Illinois College of Optometry,admissions@ico.edu 
Illinois Institute of Technology,admissions@iit.edu 
University of Illinois at Urbana-Champaign,admissions@illinois.edu 
Illinois State University,admissions@illinoisstate.edu 
Illinois Mathematics and Science Academy,admissions@imsa.edu 
Illinois Valley Community College,admissions@ivcc.edu 
Illinois Wesleyan University,admissions@iwu.edu 
John A. Logan College,admissions@jalc.edu 
Joliet Junior College,admissions@jjc.edu 
The John Marshall Law School,admissions@jmls.edu 
Judson University,admissions@judsonu.edu 
Kaskaskia College,admissions@kaskaskia.edu 
Kankakee Community College,admissions@kcc.edu 
IIT Chicago-Kent College of Law,admissions@iit.edu 
Kishwaukee College,admissions@kishwaukeecollege.edu 
Knox College,admissions@knox.edu 
Lake Forest College,admissions@lakeforest.edu 
Lakeview College of Nursing,admissions@lakeviewcol.edu 
Lewis and Clark Community College,admissions@lc.edu 
Lewis University,admissions@lewisu.edu 
Lincoln Land Community College,admissions@llcc.edu 
Loyola University Chicago,admissions@luc.edu 
Midwestern Career College,admissions@mccollege.edu 
McHenry County College,admissions@mchenry.edu 
McKendree University,admissions@mckendree.edu 
Midwestern University,admissions@midwestern.edu 
Monmouth College,admissions@monmouthcollege.edu 
Moraine Valley Community College,admissions@morainevalley.edu 
Morton College,admissions@morton.edu 
Northeastern Illinois University,admissions@neiu.edu 
Northern Illinois University,admissions@niu.edu 
National Louis University,admissions@nl.edu 
North Park University,admissions@northpark.edu 
Northwestern University,admissions@northwestern.edu 
Oakton Community College,admissions@oakton.edu 
Olivet Nazarene University,admissions@olivet.edu 
Chicago ORT Technical Institute,admissions@ortchicagotech.edu 
Parkland College,admissions@parkland.edu 
Prairie State College,admissions@prairiestate.edu 
Principia College,admissions@principiacollege.edu 
Resurrection University,admissions@resu.edu 
Robert Morris University Illinois,admissions@robertmorris.edu 
Rockford University,admissions@rockford.edu 
Rock Valley College,admissions@rockvalleycollege.edu 
Roosevelt University,admissions@roosevelt.edu 
Rosalind Franklin University,admissions@rosalindfranklin.edu 
Saint Anthony College of Nursing,admissions@sacn.edu 
School of the Art Institute of Chicago,admissions@saic.edu 
Saint Francis Medical Center College of Nursing,admissions@sfmccon.edu 
Shawnee Community College,admissions@shawneecc.edu 
Southeastern Illinois College,admissions@sic.edu 
Southern Illinois University,admissions@siu.edu 
Southern Illinois University Edwardsville,admissions@siue.edu 
Spoon River College,admissions@src.edu 
South Suburban College,admissions@ssc.edu 
University of Saint Francis,admissions@stfrancis.edu 
Southwestern Illinois College,admissions@swic.edu 
Saint Xavier University,admissions@scu.edu 
Trinity Christian College,admissions@trnty.edu 
University of Chicago,admissions@uchicago.edu 
University of Illinois at Chicago,admissions@uic.edu 
University of Illinois,admissions@uillinois.edu 
University of Illinois Springfield,admissions@uis.edu 
University of Illinois at Urbana-Champaign,admissions@illinois.edu 
Waubonsee Community College,admissions@waubonsee.edu 
Wheaton College,admissions@wheaton.edu 
Western Illinois University,admissions@wiu.edu 
Saint John’s College,admissions@stjohnscollegespringfield.edu 
Anabaptist Mennonite Biblical Seminary,admissions@ambs.edu 
Anderson University,admissions@anderson.edu 
Bethel College Indiana,admissions@bethelcollege.edu 
Brown Mackie College,admissions@brownmackie.edu 
Ball State University,admissions@bsu.edu 
Butler University,admissions@butler.edu 
DePauw University,admissions@depauw.edu 
Earlham College,admissions@earlham.edu 
University of Evansville,admissions@evansville.edu 
Goshen College,admissions@goshen.edu 
Grace College and Seminary,admissions@grace.edu 
Hanover College,admissions@hanover.edu 
Harrison College,admissions@harrison.edu 
Holy Cross College,admissions@hcc-nd.edu 
Indiana University,admissions@indiana.edu 
Indiana State University,admissions@indstate.edu 
Indiana Wesleyan University,admissions@indwes.edu 
Indiana University – Purdue University Fort Wayne,admissions@ipfw.edu 
Indiana University,admissions@iu.edu 
Indiana University Bloomington,admissions@iub.edu 
Indiana University East,admissions@iue.edu 
Indiana University Northwest,admissions@iun.edu 
Indiana University – Purdue University Indianapolis,admissions@iupui.edu 
Indiana University Southeast,admissions@ius.edu 
Indiana University South Bend,admissions@iusb.edu 
Ivy Tech Community College,admissions@ivytech.edu 
Manchester University,admissions@manchester.edu 
Marian University Indianapolis,admissions@marian.edu 
University of Notre Dame,admissions@nd.edu 
Oakland City University,admissions@oak.edu 
Purdue University North Central,admissions@pnc.edu 
Purdue University,admissions@purdue.edu 
Purdue University Calumet,admissions@purduecal.edu 
Rose-Hulman Institute of Technology,admissions@rose-hulman.edu 
Saint Mary’s College,admissions@saintmarys.edu 
Trine University,admissions@trine.edu 
University of Indianapolis,admissions@uindy.edu 
University of Southern Indiana,admissions@usi.edu 
Valparaiso University,admissions@valpo.edu 
Wabash College,admissions@wabash.edu 
Benedictine College,admissions@benedictine.edu 
Butler Community College,admissions@butlercc.edu 
Emporia State University,admissions@emporia.edu 
Fort Hays State University,admissions@fhsu.edu 
Flint Hills Technical College,admissions@fhtc.edu 
Fort Scott Community College,admissions@fortscott.edu 
Garden City Community College,admissions@gcccks.edu 
Hesston College,admissions@hesston.edu 
Highland Community College,admissions@highlandcc.edu 
Johnson County Community College,admissions@jccc.edu 
Kansas City Kansas Community College,admissions@kckcc.edu 
Kansas State University,admissions@k-state.edu 
The University of Kansas,admissions@ku.edu 
McPherson College,admissions@mcpherson.edu 
Neosho County Community College,admissions@neosho.edu 
Newman University,admissions@newmanu.edu 
Pittsburg State University,admissions@pittstate.edu 
Saint Paul School of Theology and Ministry,admissions@spst.edu 
Sterling College,admissions@sterling.edu 
University of Saint Mary,admissions@stmary.edu 
Washburn University,admissions@washburn.edu 
Washburn University School of Law,admissions@washburnlaw.edu 
Wichita State University,admissions@wichita.edu 
Asbury University,admissions@asbury.edu 
Bellarmine University,admissions@bellarmine.edu 
Berea College,admissions@berea.edu 
Centre College,admissions@centre.edu 
Eastern Kentucky University,admissions@eku.edu 
Frontier Nursing University,admissions@frontier.edu 
Georgetown College,admissions@georgetowncollege.edu 
Kentucky Community and Technical College System,admissions@kctcs.edu 
Kentucky Christian University,admissions@kcu.edu 
Kentucky State University,admissions@kysu.edu 
Lindsey Wilson College,admissions@lindsey.edu 
The University of Louisville,admissions@louisville.edu 
Midway College,admissions@midway.edu 
Morehead State University,admissions@moreheadstate.edu 
Murray State University,admissions@murraystate.edu 
Northern Kentucky University,admissions@nku.edu 
The Southern Baptist Theological Seminary,admissions@sbts.edu 
Saint Catharine College,admissions@sccky.edu 
Sullivan University,admissions@sullivan.edu 
University of the Cumberlands,admissions@ucumberlands.edu 
Western Kentucky University,admissions@wku.edu 
Bossier Parish Community College,admissions@bpcc.edu 
Centenary College of Louisiana,admissions@centenary.edu 
Louisiana Tech University,admissions@latech.edu 
Louisiana Culinary Institute,admissions@lci.edu 
University of Louisiana Lafayette,admissions@louisiana.edu 
Loyola University New Orleans,admissions@loyno.edu 
Louisiana State University,admissions@lsu.edu 
Louisiana State University – Eunice,admissions@lsue.edu 
LSU Health Sciences Center – New Orleans,admissions@lsuhsc.edu 
LSU Health Sciences Center – New Orleans,admissions@lsuhscshreveport.edu 
Louisiana State University System,admissions@lsusystem.edu 
Nicholls State University,admissions@nicholls.edu 
New Orleans Baptist Theological Seminary,admissions@nobts.edu 
Nunez Community College,admissions@nunez.edu 
Southeastern Louisiana University,admissions@southeastern.edu 
Southern University,admissions@subr.edu 
Tulane University,admissions@tulane.edu 
University of Louisiana at Monroe,admissions@ulm.edu 
University of New Orleans,admissions@uno.edu 
Xavier University of Louisiana,admissions@xula.edu 
Amherst College,admissions@amherst.edu 
Assumption College,admissions@assumption.edu 
Babson College,admissions@babson.edu 
Boston College,admissions@bc.edu 
Bentley University,admissions@bentley.edu 
Berklee College of Music,admissions@berklee.edu 
Berkshire Community College,admissions@berkshirecc.edu 
The Boston Conservatory,admissions@bostonconservatory.edu 
Brandeis University,admissions@brandeis.edu 
Bridgewater State University,admissions@bridgew.edu 
Boston University,admissions@bu.edu 
Cambridge College,admissions@cambridgecollege.edu 
Clark University,admissions@clarku.edu 
Curry College,admissions@curry.edu 
Elms College,admissions@elms.edu 
Emerson College,admissions@emerson.edu 
Emmanuel College,admissions@emmanuel.edu 
Endicott College,admissions@endicott.edu 
Fitchburg State University,admissions@fitchburgstate.edu 
Framingham State University,admissions@framingham.edu 
Gordon Conwell Theological Seminary,admissions@gordonconwell.edu 
Gordon College,admissions@gordon.edu 
Hampshire College,admissions@hampshire.edu 
Harvard University,admissions@harvard.edu 
Harvard Business School,admissions@hbs.edu 
College of the Holy Cross,admissions@holycross.edu 
Lesley University,admissions@lesley.edu 
Massachusetts Maritime Academy,admissions@maritime.edu 
Massachusetts Department of Higher Education,admissions@mass.edu 
Massachusetts College of Art and Design,admissions@massart.edu 
MassBay Community College,admissions@massbay.edu 
Marine Biological Laboratory,admissions@mbl.edu 
Merrimack Education Center,admissions@mec.edu 
Merrimack College,admissions@merrimack.edu 
MGH Institute of Health Professions,admissions@mghihp.edu 
Milton Academy,admissions@milton.edu 
Massachusetts Institute of Technology,admissions@mit.edu 
Montserrat College of Art,admissions@montserrat.edu 
Mount Ida College,admissions@mountida.edu 
Mount Holyoke College,admissions@mtholyoke.edu 
Middlesex Community College,admissions@mxcc.edu 
Middlesex School,admissions@mxschool.edu 
North Bennet Street School,admissions@nbss.edu 
New England Law – Boston,admissions@nesl.edu 
Northeastern University,admissions@northeastern.edu 
Olin College of Engineering,admissions@olin.edu 
Salem State University,admissions@salemstate.edu 
Simmons College,admissions@simmons.edu 
Smith College,admissions@smith.edu 
Spa Tech Institute,admissions@spatech.edu 
Springfield College,admissions@springfieldcollege.edu 
Springfield Technical Community College,admissions@stcc.edu 
Suffolk University,admissions@suffolk.edu 
Boston Architectural College,admissions@the-bac.edu 
Tufts University,admissions@tufts.edu 
University of Massachusetts Amherst,admissions@umass.edu 
University of Massachusetts Dartmouth,admissions@umassd.edu 
University of Massachusetts Medical School,admissions@umassmed.edu 
University of Massachusetts,admissions@umassp.edu 
University of Massachusetts Boston,admissions@umb.edu 
University of Massachusetts Lowell,admissions@uml.edu 
Wellesley College,admissions@wellesley.edu 
"Wheaton College, Norton ",admissions@wheatoncollege.edu 
Wheelock College,admissions@wheelock.edu 
Williams College,admissions@williams.edu 
Western New England University,admissions@wne.edu 
Worcester State University,admissions@worcester.edu 
Worcester Polytechnic Institute,admissions@wpi.edu 
Anne Arundel Community College,admissions@aacc.edu 
Baltimore City Community College,admissions@bccc.edu 
Bowie State University,admissions@bowiestate.edu 
Carroll Community College,admissions@carrollcc.edu 
The Community College of Baltimore County,admissions@ccbcmd.edu 
Chesapeake College,admissions@chesapeake.edu 
Coppin State University,admissions@coppin.edu 
College of Southern Maryland,admissions@csmd.edu 
Frederick Community College,admissions@frederick.edu 
Frostburg State University,admissions@frostburg.edu 
Garrett College,admissions@garrettcollege.edu 
Goucher College,admissions@goucher.edu 
Hagerstown Community  College,admissions@hagerstowncc.edu 
Harford Community College,admissions@harford.edu 
Hood College,admissions@hood.edu 
Howard Community College,admissions@howardcc.edu 
Johns Hopkins Bloomberg School of Public Health,admissions@jhsph.edu 
Johns Hopkins University,admissions@jhu.edu 
Loyola University Maryland,admissions@loyola.edu 
Montgomery Blair High School,admissions@mbhs.edu 
McDaniel College,admissions@mcdaniel.edu 
Maryland Institute College of Art,admissions@mica.edu 
Montgomery College,admissions@montgomerycollege.edu 
Mount Saint Mary’s University,admissions@msmary.edu 
Maryland University of Integrative Health,admissions@muih.edu 
Prince George’s Community College,admissions@pgcc.edu 
Salisbury University,admissions@salisbury.edu 
Sojourner-Douglass College,admissions@sdc.edu 
Saint Mary’s College of Maryland,admissions@smcm.edu 
Saint James School,admissions@stjames.edu 
Towson University,admissions@towson.edu 
University of  Baltimore,admissions@ubalt.edu 
University of Maryland,admissions@umaryland.edu 
University of  Maryland Baltimore County,admissions@umbc.edu 
University of Maryland,admissions@umd.edu 
University of Maryland University College,admissions@umuc.edu 
University System of Maryland,admissions@usmd.edu 
United States Naval Academy,admissions@usna.edu 
Washington College,admissions@washcoll.edu 
Wor-Wic Community College,admissions@worwic.edu 
Saint John’s College,admissions@sjc.edu 
Bates College,admissions@bates.edu 
Bowdoin College,admissions@bowdoin.edu 
Central Maine Community College,admissions@cmcc.edu 
College of the Atlantic,admissions@coa.edu 
Colby College,admissions@colby.edu 
Husson University,admissions@husson.edu 
Maine Maritime Academy,admissions@mainemaritime.edu 
Northern Maine Community College,admissions@nmcc.edu 
Saint Joseph’s College,admissions@sjcme.edu 
Southern Maine Community College,admissions@smccme.edu 
University of Maine,admissions@umaine.edu 
University of Maine Fort Kent,admissions@umfk.edu 
University of Maine at Presque Isle,admissions@umpi.edu 
University of New England,admissions@une.edu 
Unity College,admissions@unity.edu 
York County Community College,admissions@yccc.edu 
University of Main at Augusta,admissions@uma.edu 
Adrian College,admissions@adrian.edu 
Albion College,admissions@albion.edu 
Alma College,admissions@alma.edu 
Alpena Community College,admissions@alpenacc.edu 
Andrews University,admissions@andrews.edu 
Aquinas College,admissions@aquinas.edu 
Baker College,admissions@baker.edu 
Bay College,admissions@baycollege.edu 
Calvin College,admissions@calvin.edu 
Central Michigan University,admissions@cmich.edu 
College for Creative Studies,admissions@collegeforcreativestudies.edu 
Cornerstone University,admissions@cornerstone.edu 
Davenport University,admissions@davenport.edu 
Delta College,admissions@delta.edu 
Douglas J. Aveda Institute,admissions@douglasj.edu 
Eastern Michigan University,admissions@emich.edu 
Ferris State University,admissions@ferris.edu 
Finlandia University,admissions@finlandia.edu 
Grand Rapids Community College,admissions@grcc.edu 
Grand Valley State University,admissions@gvsu.edu 
Henry Ford College,admissions@hfcc.edu 
Hillsdale College,admissions@hillsdale.edu 
Hope College,admissions@hope.edu 
Jackson College,admissions@jccmi.edu 
Kettering University,admissions@kettering.edu 
Kalamazoo Valley Community College,admissions@kvcc.edu 
Kalamazoo College,admissions@kzoo.edu 
Lake Michigan College,admissions@lakemichigancollege.edu 
Lansing Community College,admissions@lcc.edu 
Lake Superior State University,admissions@lssu.edu 
Lawrence Technological University,admissions@ltu.edu 
Macomb Community College,admissions@macomb.edu 
Marygrove College,admissions@marygrove.edu 
Monroe County Community College,admissions@monroeccc.edu 
Michigan State University,admissions@msu.edu 
Michigan Technological University,admissions@mtu.edu 
Northwestern Michigan College,admissions@nmc.edu 
Northern Michigan University,admissions@nmu.edu 
Oakland Univeristy,admissions@oakland.edu 
Oakland Community College,admissions@oaklandcc.edu 
Saginaw Chippewa Tribal College,admissions@sagchip.edu 
Saginaw Valley State University,admissions@svsu.edu 
University of Detroit Mercy,admissions@udmercy.edu 
University of Michigan-Flint,admissions@umflint.edu 
University of Michigan,admissions@umich.edu 
Wayne State,admissions@wayne.edu 
Washtenaw Community College,admissions@wccnet.edu 
Western Michigan University,admissions@wmich.edu 
Alexandria Technical & Community College,admissions@alextech.edu 
Anoka-Ramsey Community College,admissions@anokaramsey.edu 
Augsburg College,admissions@augsburg.edu 
Bemidji State University,admissions@bemidjistate.edu 
Bethel University,admissions@bethel.edu 
Carleton College,admissions@carleton.edu 
Century College,admissions@century.edu 
Central Lakes College,admissions@clcmn.edu 
Concordia College,admissions@cord.edu 
Crown College,admissions@crown.edu 
"College of Saint Benedict, Saint John’s University ",admissions@csbsju.edu 
Concordia University Saint Paul,admissions@csp.edu 
The College of Saint Scholastica,admissions@css.edu 
Dakota County Technical College,admissions@dctc.edu 
Gustavus Adolphus College,admissions@gustavus.edu 
Globe University,admissions@globeuniversity.edu 
Hamline University,admissions@hamline.edu 
Inver Hills Community College,admissions@inverhills.edu 
Institute of Production and Recording,admissions@ipr.edu 
Leech Lake Tribal College,admissions@lltc.edu 
Luther Seminary,admissions@luthersem.edu 
Macalester College,admissions@macalester.edu 
McNally Smith College of Music,admissions@mcnallysmith.edu 
Mesabi Range College,admissions@mesabirange.edu 
Metropolitan State University,admissions@metrostate.edu 
Minnesota State University Moorhead,admissions@mnstate.edu 
Minnesota State University Mankato,admissions@mnsu.edu 
North Hennepin Community College,admissions@nhcc.edu 
Normandale Community College,admissions@normandale.edu 
Rasmussen College,admissions@rasmussen.edu 
Ridgewater College,admissions@ridgewater.edu 
Southwest Minnesota State University,admissions@smsu.edu 
Saint Mary’s University of Minnesota,admissions@smumn.edu 
South Central College,admissions@southcentral.edu 
Saint Cloud State  University,admissions@stcloudstate.edu 
Saint Olaf College,admissions@stolaf.edu 
University of Saint Thomas,admissions@stthomas.edu 
University of Minnesota,admissions@umn.edu 
United Theological Seminary of the Twin Cities,admissions@unitedseminary.edu 
University of Northwestern Saint Paul,admissions@unwsp.edu 
Walden University,admissions@waldenu.edu 
Winona State Unviversity,admissions@winona.edu 
Assemblies of God Theological Seminary,admissions@agts.edu 
Aquinas Institute of Theology,admissions@ai.edu 
A.T. Still University,admissions@atsu.edu 
Avila University,admissions@avila.edu 
Columbia College,admissions@ccis.edu 
Central Methodist University,admissions@centralmethodist.edu 
Crowder College,admissions@crowder.edu 
Culver-Stockton College,admissions@culver.edu 
Drury University,admissions@drury.edu 
Evangel University,admissions@evangel.edu 
Fontbonne University,admissions@fontbonne.edu 
Hannibal-LaGrange,admissions@hlg.edu 
Harris-Stowe State University,admissions@hssu.edu 
Jefferson College,admissions@jeffco.edu 
Kansas City University of Medicine and Biosciences,admissions@kcumb.edu 
Lincoln University,admissions@lincolne.edu 
Lindenwood University,admissions@lindenwood.edu 
Linn State Technical College,admissions@linnstate.edu 
Maryville University,admissions@maryville.edu 
Metropolitan Community College,admissions@mcckc.edu 
Mineral Area College,admissions@mineralarea.edu 
Mizzou University of Missouri,admissions@missouri.edu 
Missouri State University,admissions@missouristate.edu 
Missouri Valley College,admissions@moval.edu 
Missouri Southern State  University,admissions@mssu.edu 
Missouri University of Science and Technology,admissions@mst.edu 
North Central Missouri College,admissions@ncmissouri.edu 
Nazarene Theological Seminary,admissions@nts.edu 
Northwest Missouri State University,admissions@nwmissouri.edu 
Ozarks Technical Community College,admissions@otc.edu 
Park University,admissions@park.edu 
Rockhurst University,admissions@rockhurst.edu 
Southwest Baptist University,admissions@sbuniv.edu 
South Central Career Center,admissions@scccwp.edu 
Southeast Missouri State University,admissions@semo.edu 
Saint Louis University,admissions@slu.edu 
Saint Charles Community College,admissions@stchas.edu 
Saint Louis Community College,admissions@stlcc.edu 
Truman State University,admissions@truman.edu 
University of Central Missouri,admissions@ucmo.edu 
University of Missouri Kansas City,admissions@umkc.edu 
University of Missouri Saint Louis,admissions@umsl.edu 
University of Missouri System,admissions@umsystem.edu 
Webster University,admissions@webster.edu 
"Westminster College, Missouri ",admissions@westminster-mo.edu 
Washington University in Saint Louis,admissions@wustl.edu 
Alcorn State University,admissions@alcorn.edu 
Belhaven University,admissions@belhaven.edu 
Delta State University,admissions@deltastate.edu 
East Mississippi Community College,admissions@eastms.edu 
Jackson State University,admissions@jsums.edu 
Mississippi Gulf Coast Community College,admissions@mgccc.edu 
Mississippi State University,admissions@mssstate.edu 
Northeast Mississippi Community College,admissions@nemcc.edu 
The University of Mississippi,admissions@olemiss.edu 
Pearl River Community College,admissions@prcc.edu 
Reformed Theological Seminary,admissions@rts.edu 
University of Mississippi Medical Center,admissions@umc.edu 
University of Southern Mississippi,admissions@usm.edu 
William Carey University,admissions@wmcarey.edu 
Itawamba Community College,admissions@iccms.edu 
Blackfeet Community College,admissions@bfcc.edu 
Carroll College,admissions@carroll.edu 
Fort Peck Community College,admissions@fpcc.edu 
Flathead Valley Community College,admissions@fvcc.edu 
Miles Community College,admissions@milescc.edu 
Montana State University,admissions@montana.edu 
Montana State University Billings,admissions@msubillings.edu 
Montana State University – Northern,admissions@msun.edu 
Montana Tech of the University of Montana,admissions@mtech.edu 
Montana University System,admissions@mus.edu 
Rocky Mountain College,admissions@rocky.edu 
University of Montana Helena College,admissions@umhelena.edu 
University of Montana,admissions@umt.edu 
University of Montana Western,admissions@umwestern.edu 
Asheville-Buncombe Technical Community College,admissions@abtech.edu 
Alamance Community College,admissions@alamancecc.edu 
Appalachian State University,admissions@appstate.edu 
Bladen Community College,admissions@bladencc.edu 
Body Therapy Institute,admissions@bti.edu 
Campbell University,admissions@campbell.edu 
Cape Fear Community College,admissions@cfcc.edu 
Charlotte School of Law,admissions@charlottelaw.edu 
Chowan University,admissions@chowan.edu 
Central Piedmont Community College,admissions@cpcc.edu 
Craven Community College,admissions@cravencc.edu 
Davidson College,admissions@davidson.edu 
Duke University,admissions@duke.edu 
Durham Technical Community College,admissions@durhamtech.edu 
Elizabeth City State University,admissions@ecsu.edu 
East Carolina University,admissions@ecu.edu 
Elon University,admissions@elon.edu 
Fayetteville Technical Community College,admissions@faytechcc.edu 
Forsyth Technical Community College,admissions@forsythtech.edu 
Gardner-Webb University,admissions@gardner-webb.edu 
Gaston College,admissions@gaston.edu 
Guilford Technical Community College,admissions@gtcc.edu 
Heritage Bible College,admissions@heritagebiblecollege.edu 
High Point University,admissions@highpoint.edu 
Isothermal Community College,admissions@isothermal.edu 
Lenoir Community College,admissions@lenoircc.edu 
Lees McRae College,admissions@lmc.edu 
Methodist University,admissions@methodist.edu 
The University of Mount Olive,admissions@umo.edu 
Montgomery Community College,admissions@montgomery.edu 
North Carolina Central University,admissions@nccu.edu 
North Carolina School of Science and Mathematics,admissions@ncssm.edu 
North Carolina State University,admissions@ncsu.edu 
North Carolina Wesleyan College,admissions@ncwc.edu 
New Life Theological Seminary,admissions@nlts.edu 
University of North Carolina,admissions@northcarolina.edu 
Piedmont Community College,admissions@piedmontcc.edu 
Pitt Community College,admissions@pittcc.edu 
Queens University of Charlotte,admissions@queens.edu 
Randolph Community College,admissions@randolph.edu 
Roanoke-Chowan Community College,admissions@roanokechowan.edu 
Salem College,admissions@salem.edu 
Sampson Community College,admissions@sampsoncc.edu 
Sandhills Community College,admissions@sandhills.edu 
Saint Andrews University,admissions@sapc.edu 
Southeastern Community College,admissions@sccnc.edu 
Southeastern Baptist Theological Seminary,admissions@sebts.edu 
Shaw University,admissions@shawu.edu 
Southwestern Community College,admissions@southwesterncc.edu 
South Piedmont Community College,admissions@spcc.edu 
Stanly Community College,admissions@stanly.edu 
Saint Augustine’s University,admissions@st-aug.edu 
University of North Carolina at Chapel Hill,admissions@unc.edu 
University of North Carolina Asheville,admissions@unca.edu 
University of North Carolina Charlotte,admissions@uncc.edu 
University of North Carolina Greensboro,admissions@uncg.edu 
University of North Carolina Pembroke,admissions@uncp.edu 
University of North Carolina School of the Arts,admissions@uncsa.edu 
University of North Carolina Wilmington,admissions@uncw.edu 
Vance-Granville Community College,admissions@vgcc.edu 
Wake Technical Community College,admissions@waketech.edu 
Warren Wilson College,admissions@warren-wilson.edu 
Western Carolina University,admissions@wcu.edu 
Wake Forest University,admissions@wfu.edu 
Western Piedmont Community College,admissions@wpcc.edu 
Winston-Salem State University,admissions@wssu.edu 
Dakota College at Bottineau,admissions@dakotacollege.edu 
Mayville State University,admissions@mayvillestate.edu 
Minot State University,admissions@minotstateu.edu 
North Dakota State University,admissions@ndsu.edu 
North Dakota University System,admissions@ndus.edu 
Turtle Mountain Community College,admissions@tm.edu 
University of North Dakota,admissions@und.edu 
United Tribes Technical College,admissions@utcc.edu 
Valley City State University,admissions@vcsu.edu 
Williston State College,admissions@willistonstate.edu 
Bellevue University,admissions@bellevue.edu 
Bryan College of Health Sciences,admissions@bryanhealth.com 
Creighton University,admissions@creighton.edu 
Chadron State College,admissions@csc.edu 
Concordia University Nebraska,admissions@cune.edu 
Joseph’s College,admissions@josephscollege.edu 
Little Priest Tribal College,admissions@littlepriest.edu 
Mid-Plains Community College,admissions@mpcc.edu 
University of Nebraska,admissions@nebraska.edu 
Northeast Community College,admissions@northeast.edu 
Union College,admissions@ucollege.edu 
University of Nebraska at Kearney,admissions@unk.edu 
University of Nebraska at Lincoln,admissions@unl.edu 
University of Nebraska Medical Center,admissions@unmc.edu 
University of Nebraska Omaha,admissions@unomaha.edu 
Wayne State College,admissions@wsc.edu 
Saint Anselm College,admissions@anselm.edu 
Antioch University New England,admissions@antiochne.edu 
Community College System of New Hampshire,admissions@ccsnh.edu 
Colby Sawyer College,admissions@colby-sawyer.edu 
Dartmouth College,admissions@dartmouth.edu 
Phillips Exeter Academy,admissions@exeter.edu 
Granite State College,admissions@granite.edu 
Keene State College,admissions@keene.edu 
Manchester Community College,admissions@mccnh.edu 
Mount Washington College,admissions@mountwashington.edu 
Nashua Community College,admissions@nashuacc.edu 
New England College,admissions@nec.edu 
NHTI Concord’s Community College,admissions@nhti.edu 
Plymouth State University,admissions@plymouth.edu 
Rivier University,admissions@rivier.edu 
Southern New Hampshire University,admissions@snhu.edu 
University of New Hampshire,admissions@unh.edu 
White Mountains Community College,admissions@wmcc.edu 
Atlantic Cape Community College,admissions@atlantic.edu 
Burlington County College,admissions@bcc.edu 
Bergen Community College,admissions@bergen.edu 
Brookdale Community College,admissions@brookdalecc.edu 
Centenary College of New Jersey,admissions@centenarycollege.edu 
Drew University,admissions@drew.edu 
Eastwick College,admissions@eastwickcollege.edu 
Fairleigh Dickinson University,admissions@fdu.edu 
Felician College,admissions@felician.edu 
Fortis Institute,admissions@fortis.edu 
Georgian Court University,admissions@georgian.edu 
Kean University,admissions@kean.edu 
Mercer County Community  College,admissions@mccc.edu 
Middlesex County College,admissions@middlesexcc.edu 
Monmouth University,admissions@monmouth.edu 
Montclair State University,admissions@montclair.edu 
New Jersey City University,admissions@njcu.edu 
New Jersey Institute of Technology,admissions@njit.edu 
Ocean County College,admissions@ocean.edu 
Princeton University,admissions@princeton.edu 
Princeton Theological Seminary,admissions@ptsem.edu 
Ramapo College of New Jersey,admissions@ramapo.edu 
Raritan Valley Community College,admissions@raritanval.edu 
Rider University,admissions@rider.edu 
Rowan University,admissions@rowan.edu 
Rutgers University,admissions@rutgers.edu 
Seton Hall University,admissions@shu.edu 
Stenotech Career Institute,admissions@stenotech.edu 
Stevens Institute of Technology,admissions@stevens.edu 
Stockton College,admissions@stockton.edu 
Sussex County Community College,admissions@sussex.edu 
The College of New Jersey,admissions@tcnj.edu 
Thomas Edison State College,admissions@tesc.edu 
William Paterson University,admissions@wpunj.edu 
County College of Morris,admissions@ccm.edu 
Camden County College,admissions@camdencc.edu 
Passaic County Community College,admissions@pccc.edu 
Ross University,admissions@rossu.edu 
Central New Mexico,admissions@cnm.edu 
Eastern New Mexico University,admissions@enmu.edu 
New Mexico Highlands University,admissions@nmhu.edu 
New Mexico State University,admissions@nmsu.edu 
New Mexico State University Alamogordo,admissions@nmsua.edu 
New Mexico Institute of Mining and Technology,admissions@nmt.edu 
Northern New Mexico College,admissions@nnmc.edu 
San Juan College,admissions@sanjuancollege.edu 
Southwestern College,admissions@swc.edu 
Univeristy of New Mexico,admissions@unm.edu 
University of the Southwest,admissions@usw.edu 
College of Southern Nevada,admissions@csn.edu 
Great Basin College,admissions@gbcnv.edu 
Pima Medical Institute,admissions@pmi.edu 
Sierra Nevada College,admissions@sierranevada.edu 
Truckee Meadows Community College,admissions@tmcc.edu 
University of Nevada Las Vegas,admissions@unlv.edu 
University of Nevada Reno,admissions@unr.edu 
Western Nevada College,admissions@wnc.edu 
Adelphi University,admissions@adelphi.edu 
University at Albany,admissions@albany.edu 
Alfred University,admissions@alfred.edu 
The American Musical and Dramatic Academy,admissions@amda.edu 
ASA College,admissions@asa.edu 
Bard College,admissions@bard.edu 
Barnard College,admissions@barnard.edu 
Binghamton University,admissions@binghamton.edu 
The College at Brockport,admissions@brockport.edu 
University at Buffalo,admissions@buffalo.edu 
Buffalo State University,admissions@buffalostate.edu 
Cazenovia College,admissions@cazenovia.edu 
Clarkson University,admissions@clarkson.edu 
Clinton Community College,admissions@clinton.edu 
The College of New Rochelle,admissions@cnr.edu 
Cobleskill University,admissions@cobleskill.edu 
Colgate University,admissions@colgate.edu 
Columbia University in the City of New York,admissions@columbia.edu 
Concordia College New York,admissions@concordia-ny.edu 
The Cooper Union,admissions@cooper.edu 
Cornell University,admissions@cornell.edu 
Cortland College,admissions@cortland.edu 
The City University of New York,admissions@cuny.edu 
The College of Westchester,admissions@cw.edu 
Daemen College,admissions@daemen.edu 
Dominican College,admissions@dc.edu 
Delhi State University of New York,admissions@delhi.edu 
Dowling College,admissions@dowling.edu 
D’Youville College,admissions@dyc.edu 
Erie Community College State University of New York,admissions@ecc.edu 
Elim Bible Institute,admissions@elim.edu 
Elmira College,admissions@elmira.edu 
Empire State College,admissions@esc.edu 
College of Environmental Science and Forestry,admissions@esf.edu 
Farmingdale State College,admissions@farmingdale.edu 
Fashion Institute of Technology,admissions@fitnyc.edu 
Finger Lakes Community College,admissions@flcc.edu 
Fordham University,admissions@fordham.edu 
Fredonia University,admissions@fredonia.edu 
Five Towns College,admissions@ftc.edu 
Geneseo University,admissions@geneseo.edu 
Globe Institute of Technology,admissions@globe.edu 
The General Theological Seminary,admissions@gts.edu 
Hamilton College,admissions@hamilton.edu 
Hartwick College,admissions@hartwick.edu 
Herkimer College,admissions@herkimer.edu 
Hofstra University,admissions@hofstra.edu 
Hudson Valley Community College,admissions@hvcc.edu 
Hobart and William Smith Colleges,admissions@hws.edu 
Institute of Design and Construction,admissions@idc.edu 
Iona College,admissions@iona.edu 
Ithaca College,admissions@ithaca.edu 
The Jewish Theological Seminary,admissions@jtsa.edu 
The Juilliard School,admissions@juilliard.edu 
Keuka College,admissions@keuka.edu 
Lehman College,admissions@lehman.edu 
Le Moyne,admissions@lemoyne.edu 
Lim College,admissions@limcollege.edu 
Long Island University,admissions@liu.edu 
Manhattan College,admissions@manhattan.edu 
Marist College,admissions@marist.edu 
Metropolitan College of New York,admissions@mcny.edu 
Mercy College,admissions@mercy.edu 
Marymount Manhattan College,admissions@mmm.edu 
Monroe Community College,admissions@monroecc.edu 
Morrisville State College,admissions@morrisville.edu 
Mount Saint Marry College,admissions@msmc.edu 
Icahn School of Medicine at Mount Sinai,admissions@mssm.edu 
Manhattanville College,admissions@mville.edu 
Nazareth College,admissions@naz.edu 
Nassau Community College,admissions@ncc.edu 
New Paltz,admissions@newpaltz.edu 
The New School,admissions@newschool.edu 
Niagara University,admissions@niagara.edu 
Nyack College,admissions@nyack.edu 
New York College of Health Professions,admissions@nycollege.edu 
New York Film Academy,admissions@nyfa.edu 
New York Institute of Technology,admissions@nyit.edu 
New York University,admissions@nyu.edu 
State University of New York at Oneonta,admissions@oneonta.edu 
State University of New York at Oswego,admissions@oswego.edu 
Pace University,admissions@pace.edu 
Paul Smith’s College,admissions@paulsmiths.edu 
State University of New York at Plattsburgh,admissions@plattsburgh.edu 
State University of New York at Potsdam,admissions@potsdam.edu 
Pratt Institute,admissions@pratt.edu 
Purchase College,admissions@purchase.edu 
Rochester Institute of Technology,admissions@rit.edu 
Roberts Wesleyan College,admissions@roberts.edu 
University of Rochester,admissions@rochester.edu 
Rensselaer Polytechnic Institute,admissions@rpi.edu 
The Sages Colleges,admissions@sage.edu 
Saint Bonaventure University,admissions@sbu.edu 
The New York Conservatory for Dramatic Arts,admissions@sft.edu 
Siena College,admissions@siena.edu 
Saint John Fisher College,admissions@sjfc.edu 
Skidmore College,admissions@skidmore.edu 
Sarah Lawrence College,admissions@slc.edu 
Saint Bernard’s School of Theology and Ministry,admissions@stbernards.edu 
Saint John’s University,admissions@stjohns.edu 
Saint Lawrence University,admissions@stlawu.edu 
Stony Brook University,admissions@stonybrook.edu 
Stony Brook Medicine,admissions@stonybrookmedicine.edu 
The College of Saint Rose,admissions@strose.edu 
State University of New York,admissions@suny.edu 
State University of New York at Adirondack,admissions@sunyacc.edu 
State University of New Institute of Technology,admissions@sunyit.edu 
Jamestown Community College,admissions@sunyjcc.edu 
Orange County Community College,admissions@sunyorange.edu 
Rockland Community College,admissions@sunyrockland.edu 
Suffolk County Community College,admissions@sunysuffolk.edu 
Westchester Community College,admissions@sunywcc.edu 
Syracuse University,admissions@syr.edu 
Tompkins Cortland Community College,admissions@tc3.edu 
The Touro College and University System,admissions@touro.edu 
Touro College Jacob D. Fuchsberg Law Center,admissions@tourolaw.edu 
Union College,admissions@union.edu 
Upstate  Medical University,admissions@upstate.edu 
United States Military Academy West Point,admissions@usma.edu 
Utica College,admissions@utica.edu 
Vassar College,admissions@vassar.edu 
Wagner College,admissions@wagner.edu 
Wells College,admissions@wells.edu 
Yeshiva University,admissions@yu.edu 
Canton State University of New York,admissions@canton.edu 
Excelsior College,admissions@excelsior.edu 
Culinary Institute of America,admissions@ciachef.edu 
Ashland University,admissions@ashland.edu 
Aultman College of Nursing and Health Sciences,admissions@aultmancollege.edu 
Belmont College,admissions@belmontcollege.edu 
Bowling Green State University,admissions@bgsu.edu 
Baldwin Wallace University,admissions@bw.edu 
Capital University,admissions@capital.edu 
Case Western Reserve University,admissions@case.edu 
Cincinnati College of Mortuary Science,admissions@ccms.edu 
Cedarville University,admissions@cedarville.edu 
Central State University,admissions@centralstate.edu 
Cincinnati State Technical and Community College,admissions@cincinnatistate.edu 
Central Ohio Technical College,admissions@cotc.edu 
Columbus State Community College,admissions@cscc.edu 
Cleveland State University,admissions@csuohio.edu 
Western Reserve University,admissions@cwru.edu 
Defiance College,admissions@defiance.edu 
Denison University,admissions@denison.edu 
The University of Findlay,admissions@findlay.edu 
Franklin University,admissions@franklin.edu 
Heidelberg University,admissions@heidelberg.edu 
Hiram College,admissions@hiram.edu 
Hocking College,admissions@hocking.edu 
John Carroll University,admissions@jcu.edu 
Kettering College,admissions@kc.edu 
Kent State University,admissions@kent.edu 
Kenyon College,admissions@kenyon.edu 
Lakeland Community College,admissions@lakelandcc.edu 
Lima Central Catholic High School,admissions@lcchs.edu 
Lorain County Community College,admissions@lorainccc.edu 
Malone University,admissions@malone.edu 
Marietta College,admissions@marietta.edu 
Miami University,admissions@miamioh.edu 
University of Mount Union,admissions@mountunion.edu 
Mount Saint Joseph University,admissions@msj.edu 
Muskingum University,admissions@muskingum.edu 
Mount Vernon Nazarene University,admissions@mvnu.edu 
North Central State College,admissions@ncstatecollege.edu 
Oberlin College and Conservatory,admissions@oberlin.edu 
Ohio University,admissions@ohio.edu 
Ohio Dominican University,admissions@ohiodominican.edu 
Ohio State University,admissions@osu.edu 
Ohio Northern University,admissions@onu.edu 
Otterbein University,admissions@otterbein.edu 
Owens Community College,admissions@owens.edu 
Ohio Wesleyan University,admissions@owu.edu 
University of Rio  Grande,admissions@rio.edu 
Shawnee State University,admissions@shawnee.edu 
Sinclair Community College,admissions@sinclair.edu 
Tiffin University,admissions@tiffin.edu 
Cuyahoga Community College,admissions@tri-c.edu 
The University of Akron,admissions@uakron.edu 
University of Cincinnati,admissions@uc.edu 
University of Cincinnati Blue Ash,admissions@ucblueash.edu 
University of Cincinnati Clermont,admissions@ucclermont.edu 
University of Dayton,admissions@udayton.edu 
Urbana University,admissions@urbana.edu 
Ursuline College,admissions@ursuline.edu 
University of Toledo,admissions@utoledo.edu 
Walsh University,admissions@walsh.edu 
Wilmington College,admissions@wilmington.edu 
Wittenberg University,admissions@wittenberg.edu 
The College of Wooster,admissions@wooster.edu 
Wright State University,admissions@wright.edu 
Xavier University,admissions@xavier.edu 
Youngstown State University,admissions@ysu.edu 
Ohio State University,admissions@osu.edu 
Cameron University,admissions@cameron.edu 
Connors State College,admissions@connorsstate.edu 
East  Central University,admissions@ecok.edu 
Langston University,admissions@langston.edu 
Mid-America Christian University,admissions@macu.edu 
Meridian Technology Center,admissions@meridiantech.edu 
Northeastern State University,admissions@nsuok.edu 
Northwestern Oklahoma State University,admissions@nwosu.edu 
Oklahoma Christian University,admissions@oc.edu 
Oklahoma City Community College,admissions@occc.edu 
Oklahoma City University,admissions@okcu.edu 
Oklahoma State University,admissions@okstate.edu 
Oral Roberts University,admissions@oru.edu 
Oklahoma State University Institue of Technology,admissions@osuit.edu 
Oklahoma State University,admissions@osuokc.edu 
The University of Oklahoma,admissions@ou.edu 
The University of Oklahoma Health Sciences Center,admissions@ouhsc.edu 
Rose State College,admissions@rose.edu 
Rogers State University,admissions@rsu.edu 
Southeastern Oklahoma State University,admissions@se.edu 
Southwestern Christian University,admissions@swcu.edu 
Southwestern Oklahoma State Univeristy,admissions@swosu.edu 
Tulsa Community College,admissions@tulsacc.edu 
University of Central Oklahoma,admissions@uco.edu 
University of Science and Arts of Oklahoma,admissions@usao.edu 
University of Tulsa,admissions@utulsa.edu 
Western Oklahoma State College,admissions@wosc.edu 
Blue Mountain Community College,admissions@bluecc.edu 
Clatsop Community College,admissions@clatsopcc.edu 
Central Oregon Community College,admissions@cocc.edu 
Columbia School of English,admissions@cs.edu 
Concordia University Portland Oregon,admissions@cu-portland.edu 
Eastern Oregon University,admissions@eou.edu 
George Fox University,admissions@georgefox.edu 
Lane Community College,admissions@lanecc.edu 
Lewis and Clark,admissions@lclark.edu 
Linfield College,admissions@linfield.edu 
Linn-Benton Community College,admissions@linnbenton.edu 
Marylhurst University,admissions@marylhurst.edu 
National College of Natural Medicine,admissions@ncnm.edu 
Oregon Health and Science University,admissions@ohsu.edu 
Oregon State University,admissions@oregonstate.edu 
Pacific University Oregon,admissions@pacificu.edu 
Portland Community College,admissions@pcc.edu 
Portland State University,admissions@pdx.edu 
Reed College,admissions@reed.edu 
Rogue Community College,admissions@roguecc.edu 
Southwestern Oregon Community  College,admissions@socc.edu 
Southern Oregon University,admissions@sou.edu 
University of Oregon,admissions@uoregon.edu 
University of Portland,admissions@up.edu 
Warner Pacific College,admissions@warnerpacific.edu 
Willamette University,admissions@willamette.edu 
Western Oregon University,admissions@wou.edu 
Allegheny College,admissions@allegheny.edu 
Alvernia University,admissions@alvernia.edu 
Arcadia University,admissions@arcadia.edu 
Baptist Bible College & Seminary,admissions@bbc.edu 
Butler County Community College,admissions@bc3.edu 
Bloomsburg University,admissions@bloomu.edu 
Bryn Mawr College,admissions@brynmawr.edu 
Bucknell University,admissions@bucknell.edu 
Bucks County Community College,admissions@bucks.edu 
California University of Pennsylvania,admissions@calu.edu 
Carlow University,admissions@carlow.edu 
Community College of Allegheny County,admissions@ccac.edu 
Community College of Philadelphia,admissions@ccp.edu 
Cedar Crest College,admissions@cedarcrest.edu 
Chatham University,admissions@chatham.edu 
Chestnut Hill College,admissions@chc.edu 
Clarion University,admissions@clarion.edu 
Carnegie Mellon University,admissions@cmu.edu 
Delaware County Community College,admissions@dccc.edu 
Delaware Valley College,admissions@delval.edu 
Dickinson College,admissions@dickinson.edu 
Drexel University,admissions@drexel.edu 
Drexel University College of Medicine,admissions@drexelmed.edu 
Duquesne University,admissions@duq.edu 
Eastern University,admissions@eastern.edu 
Edinboro University,admissions@edinboro.edu 
Elizabethtown College,admissions@etown.edu 
Evangelical Seminary,admissions@evangelical.edu 
Franklin & Marshall College,admissions@fandm.edu 
Saint Francis University,admissions@francis.edu 
Grove City College,admissions@gcc.edu 
Geneva College,admissions@geneva.edu 
Gettysburg College,admissions@gettysburg.edu 
Harrisburg Area Community College,admissions@hacc.edu 
Haverford College,admissions@haverford.edu 
Holy Family University,admissions@holyfamily.edu 
Indiana University of Pennsylvania,admissions@iup.edu 
Thomas Jefferson University,admissions@jefferson.edu 
Juniata College,admissions@juniata.edu 
Keystone College,admissions@keystone.edu 
King’s College,admissions@kings.edu 
Kutztown University,admissions@kutztown.edu 
Lackawanna College,admissions@lackawanna.edu 
Lafayette College,admissions@lafayette.edu 
Lancaster County Career and Technology Center,admissions@lancasterctc.edu 
Lancaster Theological Seminary,admissions@lancasterseminary.edu 
La Roche College,admissions@laroche.edu 
La Salle University,admissions@lasalle.edu 
Lehigh Carbon Community College,admissions@lccc.edu 
Lake Erie College of Osteopathic Medicine,admissions@lecom.edu 
Lehigh University,admissions@lehigh.edu 
Lock Haven University,admissions@lhup.edu 
The Lincoln University,admissions@lincoln.edu 
Lansdale School of Business,admissions@lsb.edu 
Lebanon Valley College,admissions@lvc.edu 
Lycoming College,admissions@lycoming.edu 
Manor College,admissions@manor.edu 
Mansfield University,admissions@mansfield.edu 
Marywood University,admissions@marywood.edu 
Montgomery County Community College,admissions@mc3.edu 
Mercyhurst University,admissions@mercyhurst.edu 
Messiah College,admissions@messiah.edu 
Millersville University,admissions@millersville.edu 
Misericordia University,admissions@misericordia.edu 
Moravian College,admissions@moravian.edu 
Mount Aloysius College,admissions@mtaloy.edu 
Muhlenberg College,admissions@muhlenberg.edu 
Neumann University,admissions@neumann.edu 
Northampton Community College,admissions@northampton.edu 
Pennsylvania Gunsmith School,admissions@pagunsmith.edu 
Philadelphia College of Osteopathic Medicine,admissions@pcom.edu 
Pennsylvania College of Technology,admissions@pct.edu 
Philadelphia University,admissions@philau.edu 
University of Pittsburgh,admissions@pitt.edu 
Penn State University,admissions@psu.edu 
Reading Area Community College,admissions@racc.edu 
Robert Morris University,admissions@rmu.edu 
Saint Vincent Seminary,admissions@saintvincentseminary.edu 
Salus University,admissions@salus.edu 
The University of Scranton,admissions@scranton.edu 
Shippensburg University,admissions@ship.edu 
Saint Joseph’s University,admissions@sju.edu 
Slippery Rock University,admissions@sru.edu 
Saint Vincent College,admissions@stvincent.edu 
Susquehanna University,admissions@susqu.edu 
Swarthmore College,admissions@swarthmor.edu 
Temple University,admissions@temple.edu 
The  American College of Financial Services,admissions@theamericancollege.edu 
Thiel College,admissions@thiel.edu 
University of the Arts,admissions@uarts.edu 
University of Pennsylvania,admissions@upenn.edu 
University of the Sciences in Philadelphia,admissions@usciences.edu 
Valley Forge Christian College,admissions@vfcc.edu 
Villanova University,admissions@villanova.edu 
Washington and Jefferson  College,admissions@washjeff.edu 
Westmoreland County Community College,admissions@wccc.edu 
West  Chester University,admissions@wcupa.edu 
Westminster College,admissions@westminster.edu 
Widener University,admissions@widener.edu 
Wilkes University,admissions@wilkes.edu 
Wilson College,admissions@wilson.edu 
York College of Pennsylvania,admissions@ycp.edu 
Pennsylvania Academy of the Fine Arts,admissions@pafa.edu 
East Stroudsburg University,admissions@esu.edu 
Ursinus College,admissions@ursinus.edu 
DeSales University,admissions@desales.edu 
Lancaster Bible College,admissions@lbc.edu 
Cheyney University of Pennsylvania,admissions@cheyney.edu 
Brown University,admissions@brown.edu 
Bryant University,admissions@bryant.edu 
Community College of Rhode Island,admissions@ccri.edu 
Johnson and Wales University,admissions@jwu.edu 
New England Institute of Technology,admissions@neit.edu 
Providence College,admissions@providence.edu 
The University of Rhode Island,admissions@uri.edu 
Rhode Island College,admissions@ric.edu 
Rhose Island School of Design,admissions@risd.edu 
Roger Williams University,admissions@rwu.edu 
University of Rhode Island,admissions@uri.edu 
Centura College,admissions@centura.edu 
The Citadel Military College of South Carolina,admissions@citadel.edu 
Columbia International University,admissions@ciu.edu 
Clemson University,admissions@clemson.edu 
Coastal Carolina University,admissions@coastal.edu 
College of Charleston,admissions@cofc.edu 
Coker College,admissions@coker.edu 
Columbia College South Carolina,admissions@columbiasc.edu 
Florence-Darlington Technical College,admissions@fdtc.edu 
Francis Marion University,admissions@fmarion.edu 
Forrest College,admissions@forrestcollege.edu 
Furman University,admissions@furman.edu 
Lander University,admissions@lander.edu 
Limestone College,admissions@limestone.edu 
Midlands Technical College,admissions@midlandstech.edu 
Medical University of South Carolina,admissions@musc.edu 
Newberry College,admissions@newberry.edu 
North Greenville University,admissions@ngu.edu 
Orangeburg-Calhoun Technical College,admissions@octech.edu 
Presbyterian College,admissions@presby.edu 
University of South Carolina,admissions@sc.edu 
South Carolina State University,admissions@scsu.edu 
Sinte Gleska University,admissions@sintegleska.edu 
Spartanburg Methodist College,admissions@smcsc.edu 
TriCounty Technical College,admissions@tctc.edu 
University of South Carolina Aiken,admissions@usca.edu 
University of South Carolina Beaufort,admissions@uscb.edu 
University of South Carolina Upstate,admissions@uscupstate.edu 
Winthrop University,admissions@winthrop.edu 
Wofford College,admissions@wofford.edu 
York Technical College,admissions@yorktech.edu 
Bob Jones University,admissions@bju.edu 
Anderson University,admissions@andersonuniversity.edu 
Black Hills State University,admissions@bhsu.edu 
Dakota State University,admissions@dsu.edu 
Dakota Wesleyan University,admissions@dwu.edu 
Mount Marty College,admissions@mtmc.edu 
Northern State University,admissions@northern.edu 
South Dakota School of Mines and Technology,admissions@sdsmt.edu 
South Dakota State University,admissions@sdstate.edu 
University of South Dakota,admissions@usd.edu 
University of Sioux Falls,admissions@usioxfalls.edu 
Western Dakota Technical Institute,admissions@wdt.edu 
Austin Peay State University,admissions@apsu.edu 
Belmont University,admissions@belmont.edu 
Bryan College,admissions@bryan.edu 
Christian Brothers University,admissions@cbu.edu 
Carson-Newman University,admissions@cn.edu 
Columbia State Community College,admissions@columbiastate.edu 
Cumberland University,admissions@cumberland.edu 
DeVry University,admissions@devry.edu 
East Tennessee State University,admissions@etsu.edu 
Freed-Hardeman University,admissions@fhu.edu 
Fisk University,admissions@fisk.edu 
Huntington College of Health Sciences,admissions@hchs.edu 
Hiwassee College,admissions@hiwassee.edu 
Johnson University,admissions@johnsonu.edu 
Jackson State Community College,admissions@jscc.edu 
Lee University,admissions@leeuniversity.edu 
Lincoln Memorial University,admissions@lmunet.edu 
The LeMoyne-Owen College,admissions@loc.edu 
The University of Memphis,admissions@memphis.edu 
Milligan College,admissions@milligan.edu 
Middle Tennessee State University,admissions@mtsu.edu 
Nashville State Community College,admissions@nscc.edu 
Pellissippi State Community College,admissions@pstcc.edu 
Rhodes College,admissions@rhodes.edu 
Roane State Community College,admissions@roanestate.edu 
Southern College of Optometry,admissions@sco.edu 
Sewanee The University of the South,admissions@sewanee.edu 
Southern Adventist University,admissions@southern.edu 
The University of Tennessee,admissions@tennessee.edu 
Southwest Tennessee Community College,admissions@tn.edu 
Tennessee State University,admissions@tnstate.edu 
Tennessee Technological University,admissions@tntech.edu 
Tennessee Wesleyan College,admissions@twcnet.edu 
University of Tennessee Chattanooga,admissions@utc.edu 
University of Tennessee Health Science Center,admissions@uthsc.edu 
University of Tennessee Knoxville,admissions@utk.edu 
University of Tennessee Martin,admissions@utm.edu 
University of Tennessee Space Institute,admissions@utsi.edu 
Union University,admissions@uu.edu 
Vanderbilt University,admissions@vanderbilt.edu 
Volunteer State Community College,admissions@volstate.edu 
King University,admissions@king.edu 
Abilene Christian University,admissions@acu.edu 
Alamo Colleges,admissions@alamo.edu 
Alvin Community College,admissions@alvincollege.edu 
Angelo State University,admissions@angelo.edu 
Austin Community College District,admissions@austincc.edu 
Austin College,admissions@austincollege.edu 
Austin Graduate School of Theology,admissions@austingrad.edu 
Baylor University,admissions@baylor.edu 
Blinn College,admissions@blinn.edu 
Brazosport College,admissions@brazosport.edu 
Brookhaven College,admissions@brookhavencollege.edu 
Baptist Health System School of Health Professions,admissions@bshp.edu 
Career Point College,admissions@careerpointcollege.edu 
Cedar Valley College,admissions@cedarvalleycollege.edu 
Coastal Bend College,admissions@coastalbend.edu 
College of the Mainland,admissions@com.edu 
Concordia University Texas,admissions@concordia.edu 
Central Texas College,admissions@ctcd.edu 
Culinary Institute LeNotre,admissions@culinaryinstitute.edu 
Dallas Baptist University,admissions@dbu.edu 
Del Mar College,admissions@delmar.edu 
Dallas Nursing Institute,admissions@dni.edu 
El Paso Community College,admissions@epcc.edu 
East Texas Baptist University,admissions@etbu.edu 
Galen College of Nursing,admissions@galencollege.edu 
Galveston College,admissions@gc.edu 
Grayson College,admissions@grayson.edu 
Houston Baptist University,admissions@hbu.edu 
Houston Community College,admissions@hccs.edu 
Hill College,admissions@hillcollege.edu 
Howard College,admissions@howardcollege.edu 
Howard Payne University,admissions@hputx.edu 
Lamar University,admissions@lamar.edu 
Lamar State College – Port Arthur,admissions@lamarpa.edu 
Lubbock Christian University,admissions@lcu.edu 
LeTourneau University,admissions@letu.edu 
Lamar Institute of Technology,admissions@lit.edu 
Lone Star College System,admissions@lonestar.edu 
Lamar State College – Orange,admissions@lsco.edu 
McLennan Community College,admissions@mclennan.edu 
McMurry University,admissions@mcm.edu 
Midland College,admissions@midland.edu 
Midwestern  State University,admissions@mwsu.edu 
National American University,admissions@national.edu 
North Central Texas College,admissions@nctc.edu 
North American University,admissions@northamerican.edu 
North Lake College,admissions@northlakecollege.edu 
Odessa College,admissions@odessa.edu 
Ogle School,admissions@ogleschool.edu 
Our Lady of the Lake University,admissions@ollusa.edu 
Panola College,admissions@panola.edu 
Patty Hands Shelton School of Nursing,admissions@phssn.edu 
Prairie View A&M University,admissions@pvamu.edu 
Rice University,admissions@rice.edu 
Richland College,admissions@richlandcollege.edu 
San Jacinto College,admissions@sanjac.edu 
Schreiner University,admissions@schreiner.edu 
Stephen F. Austin State University,admissions@sfasu.edu 
Sam Houston State University,admissions@shsu.edu 
Southern Methodist University,admissions@smu.edu 
South Plains College,admissions@southplainscollege.edu 
South Texas College,admissions@southtexascollege.htp 
Southwestern University,admissions@southwestern.edu 
Seminary of the Southwest,admissions@ssw.edu 
South Texas College of Law,admissions@stcl.edu 
Saint Edward’s University,admissions@stedwards.edu 
Saint Mary’s University,admissions@stmarytx.edu 
University of Saint Thomas,admissions@stthom.edu 
Texas A&M Health Science Center,admissions@tamhsc.edu 
Texas A&M International University,admissions@tamiu.edu 
Texas A&M University,admissions@tamu.edu 
Texas A&M University Commerce,admissions@tamuc.edu 
Texas A&M University Corpus Christi,admissions@tamucc.edu 
Texas A&M University Kingsville,admissions@tamuk.edu 
Texas A&M University Texarkana,admissions@tamut.edu 
Tarleton State University,admissions@tarleton.edu 
Texas Christian University,admissions@tcu.edu 
Temple College,admissions@templejc.edu 
Tyler Junior College,admissions@tjc.edu 
Trinity University,admissions@trinity.edu 
Texas State Technical College,admissions@tstc.edu 
Texas Southern University,admissions@tsu.edu 
Texas Tech University,admissions@ttu.edu 
Texas Tech University Health Sciences Center,admissions@ttuhsc.edu 
Texas Woman’s University,admissions@twu.edu 
Texas Chiropractic College,admissions@txchiro.edu 
Texas State University,admissions@txstate.edu 
University of Dallas,admissions@udallas.edu 
Universty of Houston,admissions@uh.edu 
University of Houston Clear Lake,admissions@uhcl.edu 
University of Houston Downtown,admissions@uhd.edu 
University of the Incarnate Word,admissions@uiw.edu 
University of Mary Hardin-Baylor,admissions@umhb.edu 
University of North Texas,admissions@unt.edu 
University of North Texas Health Science Center,admissions@unthsc.edu 
University of Texas Arlington,admissions@uta.edu 
University of Texas Brownsville,admissions@utb.edu 
University of Texas Dallas,admissions@utdallas.edu 
University of Texas at El Paso,admissions@utep.edu 
University of Texas at Austin,admissions@utexas.edu 
University of Texas Health Science Center Houston,admissions@uth.edu 
University of Texas Health Science Center San Antonio,admissions@uthscsa.edu 
University of Texas Medical Branch at Galveston,admissions@utmb.edu 
University of Texas Pan American,admissions@utpa.edu 
University of Texas of the Permian Basin,admissions@utpb.edu 
University of Texas at San Antonio,admissions@utsa.edu 
University of Texas Southwestern Medical Center,admissions@utsouthwestern.edu 
University of Texas at Tyler,admissions@online.uttyler.edu/ 
Valley Grande Institute,admissions@vgi.edu 
Victoria College,admissions@victoriacollege.edu 
Wayland Baptist University,admissions@wbu.edu 
Weatherford College,admissions@wc.edu 
West Texas A&M University,admissions@wtamu.edu 
University of the Virgin Islands,admissions@uvi.edu 
Brigham Young University,admissions@byu.edu 
Dixie State University,admissions@dixie.edu 
Salt Lake Community College,admissions@slcc.edu 
Snow College,admissions@snow.edu 
Southern Utah University,admissions@suu.edu 
Utah State University,admissions@usu.edu 
University of Utah,admissions@utah.edu 
Utah Valley University,admissions@uvu.edu 
Weber State University,admissions@weber.edu 
Averett University,admissions@averett.edu 
Christendom College,admissions@christendom.edu 
Christopher Newport University,admissions@cnu.edu 
Dabney S. Lancaster Community College,admissions@dslcc.edu 
Eastern Mennonite University,admissions@emu.edu 
Eastern Virginia Medical School,admissions@evms.edu 
Ferrum College,admissions@ferrum.edu 
Germanna Community College,admissions@germanna.edu 
George Mason University,admissions@gmu.edu 
Hampden-Sydney College,admissions@hsc.edu 
The Institute for the Psychological Sciences,admissions@ipsciences.edu 
James Madison University,admissions@jmu.edu 
Liberty University,admissions@liberty.edu 
Longwood University,admissions@longwood.edu 
Marymount University,admissions@marymount.edu 
New River Community College,admissions@nr.edu 
Norfolk State University,admissions@nsu.edu 
Northern Virginia Community College,admissions@nvcc.edu 
Old Dominion University,admissions@odu.edu 
Radford University,admissions@radford.edu 
Randolph College,admissions@randolphcollege.edu 
Rappahannock Community College,admissions@rappahannock.edu 
Regent University,admissions@regent.edu 
Reynolds Community College,admissions@reynolds.edu 
University of Richmond,admissions@richmond.edu 
Randolph-Macon College,admissions@rmc.edu 
Roanoke College,admissions@roanoke.edu 
Sentara College of Health Sciences,admissions@sentara.edu 
Stratford University,admissions@stratford.edu 
Shenandoah University,admissions@su.edu 
Southern Virgina University,admissions@svu.edu 
Southwest Virgina Community College,admissions@sw.edu 
Tidewater Community College,admissions@tcc.edu 
Thomas Nelson Community College,admissions@tncc.edu 
University of Mary Washington,admissions@umw.edu 
University of Virginia’s College at Wise,admissions@uvawise.edu 
Virginia’s Community Colleges,admissions@vccs.edu 
Virginia Commonwealth University,admissions@vcu.edu 
Virgina Highlands Community College,admissions@vhcc.edu 
Virginia Institute of Marine Science,admissions@vims.edu 
University of Virginia,admissions@virginia.edu 
Virginia Western Community College,admissions@virginiawestern.edu 
Virginia International University,admissions@viu.edu 
Virginia State University,admissions@vsu.edu 
Virginia Polytechnic Institute and State University,admissions@vt.edu 
Virginia Union University,admissions@vuu.edu 
Virginia Wesleyan College,admissions@vwc.edu 
Washington and Lee University,admissions@wlu.edu 
The College of William and Mary,admissions@wm.edu 
Castleton State College of Vermont,admissions@castleton.edu 
Champlain College,admissions@champlain.edu 
Green Mountain College,admissions@greenmtn.edu 
Johnson State College,admissions@jsc.edu 
Middlebury College,admissions@middlebury.edu 
New England Culinary Institute,admissions@neci.edu 
Norwich  University,admissions@norwich.edu 
School for International Training,admissions@sit.edu 
Saint Michael’s College,admissions@smcvt.edu 
University of Vermont,admissions@uvm.edu 
University of Vermont,admissions@uvm.edu 
Vermont Law School,admissions@vermontlaw.edu 
Vermont Technical College,admissions@vtc.edu 
Bennington College,admissions@bennington.edu 
Bellevue College,admissions@bellevuecollege.edu 
Big Bend Community College,admissions@bigbend.edu 
Cascadia Community College,admissions@cascadia.edu 
Centralia College,admissions@centralia.edu 
Charter College,admissions@chartercollege.edu 
Clark College,admissions@clark.edu 
Central Washington University,admissions@cwu.edu 
DigiPen Institute of Technology,admissions@digipen.edu 
Edmonds Community College,admissions@edcc.edu 
Everett Community College,admissions@everettcc.edu 
The Evergreen State College,admissions@evergreen.edu 
Eastern Washington University,admissions@ewu.edu 
Faith Evangelical College and Seminary,admissions@faithseminary.edu 
Gonzaga University,admissions@gonzaga.edu 
Green River Community College,admissions@greenriver.edu 
Highline College,admissions@highline.edu 
Mukogawa Fort Wright Institute,admissions@mfwi.edu 
North Seattle College,admissions@northseattle.edu 
Olympic College,admissions@olympic.edu 
Peninsula College,admissions@pencol.edu 
Perry Technical Institute,admissions@perrytech.edu 
Pacific Lutheran University,admissions@plu.edu 
Renton Technical College,admissions@rtc.edu 
Seattle Central College,admissions@seattlecentral.edu 
Seattle University,admissions@seattleu.edu 
Shoreline Community College,admissions@shoreline.edu 
Seattle Institute of Oriental Medicine,admissions@siom.edu 
Skagit Valley College,admissions@skagit.edu 
South Seattle College,admissions@southseattle.edu 
Spokane Falls Community College,admissions@spokanefalls.edu 
Seattle Pacific University,admissions@spu.edu 
Saint Martin’s University,admissions@stmartin.edu 
University of Puget Sound,admissions@pugetsound.edu 
University of Washington,admissions@uw.edu 
University of Washington Bothell,admissions@uwb.edu 
Walla Walla University,admissions@wallawalla.edu 
Whitman College,admissions@whitman.edu 
Whitworth University,admissions@whitworth.edu 
Washington State University,admissions@wsu.edu 
Wenatchee Valley College,admissions@wvc.edu 
Walla Walla Community College,admissions@wwcc.edu 
Western Washington University,admissions@wwu.edu 
Yakima Valley Community College,admissions@yvcc.edu 
University of Washington,admissions@washington.edu 
Alverno College,admissions@alverno.edu 
Carroll University,admissions@carrollu.edu 
Carthage College,admissions@carthage.edu 
Chippewa Valley Technical College,admissions@cvtc.edu 
Edgewood College,admissions@edgewood.edu 
Gateway Technical College,admissions@gtc.edu 
The Institute of Beauty and Wellness,admissions@ibw.edu 
Lawrence University,admissions@lawrence.edu 
Madison Area Technical College,admissions@madisoncollege.edu 
Marquette University,admissions@marquette.edu 
Milwaukee Area Technical College,admissions@matc.edu 
Medical College of Wisconsin,admissions@mcw.edu 
Milwaukee Institute of Art and Design,admissions@miad.edu 
Moraine Park Technical College,admissions@morainepark.edu 
Milwaukee School of Engineering,admissions@msoe.edu 
Northland College,admissions@northland.edu 
Northcentral  Technical College,admissions@ntc.edu 
Northeast Wisconsin Technical College,admissions@nwtc.edu 
Silver Lake College of the Holy Family,admissions@sl.edu 
Saint Norbert College,admissions@snc.edu 
Cardinal Stritch University,admissions@stritch.edu 
University of Wisconsin Colleges,admissions@uwc.edu 
University of Wisconsin Eau Claire,admissions@uwec.edu 
University of Wisconsin Extension,admissions@uwex.edu 
University of Wisconsin Green Bay,admissions@uwgb.edu 
University of Wisconsin La Crosse,admissions@uwlax.edu 
University of Wisconsin Milwaukee,admissions@uwm.edu 
University of Wisconsin Oshkosh,admissions@uwosh.edu 
University of Wisconsin Platteville,admissions@uwplatt.edu 
University of Wisconsin River Falls,admissions@uwrf.edu 
University of Wisconsin Stevens Point,admissions@uwsp.edu 
University of Wisconsin Superior,admissions@uwsuper.edu 
University of Wisconsin Whitewater,admissions@uww.edu 
Viterbo University,admissions@viterbo.edu 
Waukesha County Technical College,admissions@wctc.edu 
University of Wisconsin Madison,admissions@wisc.edu 
Wisconsin Indianhead Technical College,admissions@witc.edu 
Wisconsin Lutheran College,admissions@wlc.edu 
Wisconsin Technical College System,admissions@wtcsystem.edu 
Western Technical College,admissions@westerntc.edu 
American Public University System,admissions@apus.edu 
Concord University,admissions@concord.edu 
Eastern West Virgina Community and Technical College,admissions@easternwv.edu 
Fairmont State University,admissions@fairmontstate.edu 
Marshall University,admissions@marshall.edu 
Ohio Valley University,admissions@ovu.edu 
Pierpont Community and Technical College,admissions@pierpont.edu 
Shepherd University,admissions@shepherd.edu 
University of Charleston,admissions@ucwv.edu 
West Liberty University,admissions@westliberty.edu 
Wheeling Jesuit University,admissions@wju.edu 
West Virginia Northern Community College,admissions@wvncc.edu 
West Virginia State University,admissions@wvstateu.edu 
West Virginia University,admissions@wvu.edu 
West Virginia Wesleyan College,admissions@wvwc.edu 
Casper College,admissions@caspercollege.edu 
Central Wyoming College,admissions@cwc.edu 
National Outdoor Leadership School,admissions@nols.edu 
Northwest College,admissions@northwestcollege.edu 
Northern Wyoming Community College District,admissions@sheridan.edu 
University of Wyoming,admissions@uwyo.edu 
